<application>
  <component name="com.intellij.ide.ui.customization.CustomActionsSchema">
    <group value="Compare.SameVersion" is_action="true" action_type="1" position="2">
      <path value="root" />
      <path value="Main Toolbar" />
      <path value="Left" />
      <path value="VCS Group" />
      <option name="myInitialPosition" value="-1" />
    </group>
    <group value="Vcs.UpdateProject" is_action="true" action_type="1" position="3">
      <path value="root" />
      <path value="Main Toolbar" />
      <path value="Left" />
      <path value="VCS Group" />
      <option name="myInitialPosition" value="-1" />
    </group>
    <group value="Vcs.Push" is_action="true" action_type="1" position="4">
      <path value="root" />
      <path value="Main Toolbar" />
      <path value="Left" />
      <path value="VCS Group" />
      <option name="myInitialPosition" value="-1" />
    </group>
    <group value="CheckinProject" is_action="true" action_type="1" position="5">
      <path value="root" />
      <path value="Main Toolbar" />
      <path value="Left" />
      <path value="VCS Group" />
      <option name="myInitialPosition" value="-1" />
    </group>
    <group value="ChangesView.Revert" is_action="true" action_type="1" position="6">
      <path value="root" />
      <path value="Main Toolbar" />
      <path value="Left" />
      <path value="VCS Group" />
      <option name="myInitialPosition" value="-1" />
    </group>
  </component>
</application>