<application>
  <component name="BuildProcessSatisfactionSurveyStore">
    <option name="daysWithGradleBuilds" value="1" />
    <option name="firstKotlinGradleBuildTime" value="1746751108" />
    <option name="lastKotlinGradleBuildTime" value="1746760555" />
    <option name="nextCountedGradleBuild" value="1746837508" />
  </component>
  <component name="KotlinNewUserTracker">
    <option name="firstKtFileOpened" value="1746760012" />
    <option name="lastKtFileOpened" value="1746766925" />
    <option name="newKtUserSince" value="1746760012" />
  </component>
</application>