<application>
  <component name="Trusted.Paths">
    <option name="TRUSTED_PROJECT_PATHS">
      <map>
        <entry key="$USER_HOME$/WorkSpace/Document" value="true" />
        <entry key="$USER_HOME$/WorkSpace/StudioProjects/Renon_Android" value="true" />
      </map>
    </option>
  </component>
  <component name="Trusted.Paths.Settings">
    <option name="TRUSTED_PATHS">
      <list>
        <option value="$USER_HOME$/WorkSpace/StudioProjects" />
        <option value="$USER_HOME$/WorkSpace" />
      </list>
    </option>
  </component>
</application>