<application>
  <component name="DimensionService">
    <location key="WELCOME_SCREEN.0.0.2560.1600@168dpi" x="1011" y="525" />
    <location key="find.popup.0.0.2560.1600@144dpi" x="867" y="187" />
    <size key="find.popup.0.0.2560.1600@144dpi" width="1003" height="1386" />
    <size key="GridCell.Tab.0.left.0.0.2560.1600@144dpi" width="2460" height="409" />
    <size key="GridCell.Tab.0.center.0.0.2560.1600@144dpi" width="2460" height="409" />
    <size key="GridCell.Tab.0.right.0.0.2560.1600@144dpi" width="2460" height="409" />
    <size key="GridCell.Tab.0.bottom.0.0.2560.1600@144dpi" width="2460" height="409" />
  </component>
  <component name="WindowManager">
    <frame x="0" y="52" width="2560" height="1548" extendedState="6" />
  </component>
  <component name="WindowStateApplicationService">
    <state x="904" y="311" width="742" height="868" key="FileChooserDialogImpl" timestamp="1732700832312">
      <screen x="0" y="0" width="2560" height="1600" />
    </state>
    <state x="904" y="311" width="742" height="868" key="FileChooserDialogImpl/0.0.2560.1600" timestamp="1732700832312" />
    <state x="1280" y="723" width="1400" height="1138" key="WELCOME_SCREEN" timestamp="1732700817427">
      <screen x="0" y="0" width="2560" height="1600" />
    </state>
    <state x="1280" y="723" width="1400" height="1138" key="WELCOME_SCREEN/0.0.2560.1600" timestamp="1732700817427" />
  </component>
</application>