<keymap version="1" name="Eclipse copy" parent="Eclipse">
  <action id="$Copy">
    <keyboard-shortcut first-keystroke="ctrl c" />
    <keyboard-shortcut first-keystroke="meta c" />
  </action>
  <action id="$Cut">
    <keyboard-shortcut first-keystroke="ctrl x" />
    <keyboard-shortcut first-keystroke="shift delete" />
    <keyboard-shortcut first-keystroke="meta x" />
  </action>
  <action id="$Delete">
    <keyboard-shortcut first-keystroke="delete" />
    <keyboard-shortcut first-keystroke="meta back_space" />
  </action>
  <action id="$EditorTranslateAction">
    <keyboard-shortcut first-keystroke="shift ctrl y" />
    <keyboard-shortcut first-keystroke="meta l" />
  </action>
  <action id="$Paste">
    <keyboard-shortcut first-keystroke="ctrl v" />
    <keyboard-shortcut first-keystroke="meta v" />
  </action>
  <action id="$Redo">
    <keyboard-shortcut first-keystroke="ctrl y" />
    <keyboard-shortcut first-keystroke="meta y" />
  </action>
  <action id="$SelectAll">
    <keyboard-shortcut first-keystroke="ctrl a" />
    <keyboard-shortcut first-keystroke="meta a" />
  </action>
  <action id="$Undo">
    <keyboard-shortcut first-keystroke="ctrl z" />
    <keyboard-shortcut first-keystroke="meta z" />
  </action>
  <action id="ActivateLogcatToolWindow">
    <keyboard-shortcut first-keystroke="alt 6" />
  </action>
  <action id="ActivateTODOToolWindow" />
  <action id="ActivateTerminalToolWindow">
    <keyboard-shortcut first-keystroke="alt f12" />
    <keyboard-shortcut first-keystroke="meta j" />
  </action>
  <action id="CIDR.Lang.ObjC.IntroduceProperty">
    <keyboard-shortcut first-keystroke="ctrl alt e" />
    <keyboard-shortcut first-keystroke="shift meta p" />
  </action>
  <action id="CloseAllEditorsButActive">
    <keyboard-shortcut first-keystroke="meta b" />
  </action>
  <action id="CloseContent">
    <keyboard-shortcut first-keystroke="ctrl f4" />
    <keyboard-shortcut first-keystroke="meta w" />
  </action>
  <action id="CodeCompletion">
    <keyboard-shortcut first-keystroke="ctrl space" />
    <keyboard-shortcut first-keystroke="alt slash" />
  </action>
  <action id="CollapseAllRegions">
    <keyboard-shortcut first-keystroke="shift ctrl divide" />
    <keyboard-shortcut first-keystroke="shift meta minus" />
  </action>
  <action id="CollapseRegionRecursively">
    <keyboard-shortcut first-keystroke="ctrl alt subtract" />
    <keyboard-shortcut first-keystroke="ctrl alt minus" />
    <keyboard-shortcut first-keystroke="meta minus" />
  </action>
  <action id="CommentByBlockComment">
    <keyboard-shortcut first-keystroke="shift ctrl slash" />
    <keyboard-shortcut first-keystroke="shift meta slash" />
  </action>
  <action id="CommentByLineComment">
    <keyboard-shortcut first-keystroke="ctrl slash" />
    <keyboard-shortcut first-keystroke="meta slash" />
  </action>
  <action id="Editor Copy">
    <keyboard-shortcut first-keystroke="meta c" />
  </action>
  <action id="Editor Cut">
    <keyboard-shortcut first-keystroke="meta x" />
  </action>
  <action id="Editor Delete">
    <keyboard-shortcut first-keystroke="meta back_space" />
  </action>
  <action id="Editor EditorTranslateAction">
    <keyboard-shortcut first-keystroke="meta l" />
  </action>
  <action id="Editor Paste">
    <keyboard-shortcut first-keystroke="meta v" />
  </action>
  <action id="Editor Redo">
    <keyboard-shortcut first-keystroke="meta y" />
  </action>
  <action id="Editor SelectAll">
    <keyboard-shortcut first-keystroke="meta a" />
  </action>
  <action id="Editor Undo">
    <keyboard-shortcut first-keystroke="meta z" />
  </action>
  <action id="EditorCodeBlockEnd">
    <keyboard-shortcut first-keystroke="ctrl close_bracket" />
    <keyboard-shortcut first-keystroke="meta close_bracket" />
  </action>
  <action id="EditorCodeBlockStart">
    <keyboard-shortcut first-keystroke="ctrl open_bracket" />
    <keyboard-shortcut first-keystroke="meta open_bracket" />
  </action>
  <action id="EditorCompleteStatement">
    <keyboard-shortcut first-keystroke="shift ctrl enter" />
    <keyboard-shortcut first-keystroke="shift meta enter" />
    <keyboard-shortcut first-keystroke="meta k" />
  </action>
  <action id="EditorDeleteLine">
    <keyboard-shortcut first-keystroke="ctrl d" />
    <keyboard-shortcut first-keystroke="meta d" />
  </action>
  <action id="EditorDuplicateLines">
    <keyboard-shortcut first-keystroke="ctrl alt down" />
    <keyboard-shortcut first-keystroke="ctrl meta down" />
    <keyboard-shortcut first-keystroke="meta alt down" />
  </action>
  <action id="EditorLineEnd">
    <keyboard-shortcut first-keystroke="end" />
    <keyboard-shortcut first-keystroke="meta right" />
  </action>
  <action id="EditorLineEndWithSelection">
    <keyboard-shortcut first-keystroke="shift end" />
    <keyboard-shortcut first-keystroke="shift meta right" />
  </action>
  <action id="EditorLineStart">
    <keyboard-shortcut first-keystroke="home" />
    <keyboard-shortcut first-keystroke="meta left" />
  </action>
  <action id="EditorLineStartWithSelection">
    <keyboard-shortcut first-keystroke="shift home" />
    <keyboard-shortcut first-keystroke="shift meta left" />
  </action>
  <action id="EvaluateExpression">
    <keyboard-shortcut first-keystroke="ctrl u" />
    <keyboard-shortcut first-keystroke="meta u" />
  </action>
  <action id="ExpandAllRegions">
    <keyboard-shortcut first-keystroke="ctrl multiply" />
    <keyboard-shortcut first-keystroke="shift meta equals" />
  </action>
  <action id="ExpandRegion">
    <keyboard-shortcut first-keystroke="ctrl add" />
    <keyboard-shortcut first-keystroke="ctrl equals" />
    <keyboard-shortcut first-keystroke="meta equals" />
  </action>
  <action id="ExtractMethod">
    <keyboard-shortcut first-keystroke="shift alt m" />
    <keyboard-shortcut first-keystroke="shift meta m" />
  </action>
  <action id="FileStructurePopup">
    <keyboard-shortcut first-keystroke="ctrl f3" />
    <keyboard-shortcut first-keystroke="ctrl o" />
    <keyboard-shortcut first-keystroke="meta o" />
  </action>
  <action id="Find">
    <keyboard-shortcut first-keystroke="meta f" />
  </action>
  <action id="FindUsages">
    <keyboard-shortcut first-keystroke="ctrl g" />
    <keyboard-shortcut first-keystroke="meta g" />
  </action>
  <action id="Flutter.Toolbar.ReloadAction">
    <keyboard-shortcut first-keystroke="ctrl back_slash" />
  </action>
  <action id="GotoClass">
    <keyboard-shortcut first-keystroke="shift ctrl t" />
    <keyboard-shortcut first-keystroke="shift meta t" />
    <keyboard-shortcut first-keystroke="meta t" />
  </action>
  <action id="GotoFile">
    <keyboard-shortcut first-keystroke="shift meta r" />
  </action>
  <action id="GotoNextError">
    <keyboard-shortcut first-keystroke="meta s" />
  </action>
  <action id="HideAllWindows">
    <keyboard-shortcut first-keystroke="shift ctrl f12" />
    <keyboard-shortcut first-keystroke="meta m" />
  </action>
  <action id="HippieCompletion" />
  <action id="Javascript.Linters.EsLint.Fix">
    <keyboard-shortcut first-keystroke="meta back_slash" />
    <keyboard-shortcut first-keystroke="shift meta f" />
  </action>
  <action id="JumpToLastChange">
    <keyboard-shortcut first-keystroke="ctrl q" />
    <keyboard-shortcut first-keystroke="meta up" />
  </action>
  <action id="JumpToNextChange">
    <keyboard-shortcut first-keystroke="meta down" />
  </action>
  <action id="MaximizeToolWindow">
    <keyboard-shortcut first-keystroke="shift ctrl quote" />
    <keyboard-shortcut first-keystroke="shift meta quote" />
    <keyboard-shortcut first-keystroke="meta quote" />
    <keyboard-shortcut first-keystroke="meta semicolon" />
  </action>
  <action id="NewElementInMenuGroup">
    <keyboard-shortcut first-keystroke="meta n" />
  </action>
  <action id="NewElementMenu">
    <keyboard-shortcut first-keystroke="meta n" />
  </action>
  <action id="OptimizeImports">
    <keyboard-shortcut first-keystroke="shift ctrl o" />
    <keyboard-shortcut first-keystroke="shift meta o" />
  </action>
  <action id="OverrideMethods">
    <keyboard-shortcut first-keystroke="shift meta n" />
    <keyboard-shortcut first-keystroke="meta i" />
  </action>
  <action id="PasteMultiple">
    <keyboard-shortcut first-keystroke="shift ctrl v" />
    <keyboard-shortcut first-keystroke="shift meta v" />
  </action>
  <action id="RecentFiles">
    <keyboard-shortcut first-keystroke="ctrl e" />
    <keyboard-shortcut first-keystroke="meta e" />
  </action>
  <action id="ReformatCode">
    <keyboard-shortcut first-keystroke="ctrl alt l" />
    <keyboard-shortcut first-keystroke="shift ctrl f" />
    <keyboard-shortcut first-keystroke="shift meta f" />
  </action>
  <action id="RenameElement">
    <keyboard-shortcut first-keystroke="shift alt r" />
    <keyboard-shortcut first-keystroke="shift ctrl r" />
  </action>
  <action id="ReplaceInPath">
    <keyboard-shortcut first-keystroke="shift meta h" />
  </action>
  <action id="RevealIn">
    <keyboard-shortcut first-keystroke="meta p" />
  </action>
  <action id="ShowIntentionActions">
    <keyboard-shortcut first-keystroke="alt enter" />
    <keyboard-shortcut first-keystroke="shift alt j" />
    <keyboard-shortcut first-keystroke="shift ctrl m" />
    <keyboard-shortcut first-keystroke="meta enter" />
  </action>
  <action id="StepInto">
    <keyboard-shortcut first-keystroke="f5" />
    <keyboard-shortcut first-keystroke="meta i" />
  </action>
  <action id="StepOver">
    <keyboard-shortcut first-keystroke="f6" />
    <keyboard-shortcut first-keystroke="meta n" />
  </action>
  <action id="SurroundWith">
    <keyboard-shortcut first-keystroke="shift alt z" />
    <keyboard-shortcut first-keystroke="ctrl alt t" />
    <keyboard-shortcut first-keystroke="shift meta z" />
  </action>
  <action id="SwitchApply">
    <keyboard-shortcut first-keystroke="ctrl alt enter" />
  </action>
  <action id="SwitchLeft">
    <keyboard-shortcut first-keystroke="ctrl alt left" />
  </action>
  <action id="SwitchRight">
    <keyboard-shortcut first-keystroke="ctrl alt right" />
  </action>
  <action id="SwitchUp">
    <keyboard-shortcut first-keystroke="ctrl alt up" />
  </action>
  <action id="Terminal.CopySelectedText">
    <keyboard-shortcut first-keystroke="ctrl c" />
    <keyboard-shortcut first-keystroke="ctrl insert" />
    <keyboard-shortcut first-keystroke="meta c" />
  </action>
  <action id="Terminal.Paste">
    <keyboard-shortcut first-keystroke="ctrl v" />
    <keyboard-shortcut first-keystroke="shift insert" />
    <keyboard-shortcut first-keystroke="meta v" />
  </action>
  <action id="Terminal.SmartCommandExecution.Debug" />
  <action id="android.deploy.ApplyChanges">
    <keyboard-shortcut first-keystroke="ctrl meta r" />
  </action>
  <action id="android.deploy.CodeSwap">
    <keyboard-shortcut first-keystroke="shift ctrl meta r" />
  </action>
</keymap>