<application>
  <component name="AndroidLogcatFilterHistory">
    <option name="mostRecentlyUsed" value="package:com.renon.kcloud level:error " />
    <option name="nonFavorites">
      <list>
        <option value="package:com.renon.kcloud level:error " />
        <option value="package:" />
        <option value="package:com.renon.rcloud level:error " />
        <option value="package:com.renon.rcloud " />
        <option value="package:com.renon.rcloud level:error" />
        <option value="package:com.renon.rcloud level:debug  " />
        <option value="package:com.renon.rcloud level:error  " />
        <option value="package:com.renon.kcloud level:error  " />
        <option value="package:com.renon.rcloud level:error width" />
        <option value="package:com.renon.rcloud level:error 宽度" />
        <option value="package:com.renon.rcloud tag:http  " />
        <option value="package:com.renon.rcloud tag:http " />
        <option value="package:com.renon.rcloud" />
        <option value="package:com.renon.rcloud level:debug    " />
        <option value="package:com.renon.rcloud level:error   " />
        <option value="package:com.renon.rcloud level:error                " />
        <option value="package:com.renon.rcloud level:error               " />
        <option value="package:com.renon.rcloud level:debug              " />
        <option value="package:com.renon.rcloud level:debug             " />
        <option value="package:com.renon.rcloud level:error    " />
      </list>
    </option>
  </component>
</application>