<application>
  <component name="CosySettings">
    <option name="dedicatedDomainUrl" value="" />
    <option name="localStoragePath" value="$USER_HOME$/.lingma" />
    <option name="manualOpenLocalModel" value="true" />
    <option name="parameter">
      <ChangeUserSettingParams>
        <option name="allowReportUsage" value="true" />
        <option name="cloud">
          <CloudModelParam>
            <option name="autoTrigger">
              <CloudModelAutoTrigger>
                <option name="enable" value="true" />
                <option name="generateLength" value="level_1" />
                <option name="modelLevel" value="large" />
              </CloudModelAutoTrigger>
            </option>
            <option name="enable" value="true" />
            <option name="manualTrigger">
              <CloudModelManualTrigger>
                <option name="generateLength" value="level_2" />
                <option name="modelLevel" value="large" />
              </CloudModelManualTrigger>
            </option>
            <option name="showInlineWhenIDECompletion" value="true" />
          </CloudModelParam>
        </option>
        <option name="local">
          <LocalModelParam>
            <option name="enable" value="true" />
            <option name="inferenceMode" value="auto" />
            <option name="maxCandidateNum" value="3" />
          </LocalModelParam>
        </option>
      </ChangeUserSettingParams>
    </option>
    <option name="recentQueries">
      <map>
        <entry key="KCloudApp|1221874731310578">
          <value>
            <list>
              <option value="/generate optimization" />
            </list>
          </value>
        </entry>
        <entry key="RCloudApp|1221874731310578">
          <value>
            <list>
              <option value="/generate optimization" />
              <option value="写一段代码用于去掉 数值类型后面多余的0 和小数点" />
              <option value="写一段代码用于去掉 数值类型后面多余的0 和小数点" />
              <option value="/generate optimization" />
              <option value="double 保留两位小数, 多余的位数直接去掉" />
              <option value="Android 获取缓存大小 清除缓存代码" />
              <option value="Daemon compilation failed: Could not connect to Kotlin compile daemon" />
              <option value="Android回车搜索" />
              <option value="ubuntu 启动 卡在 grub" />
              <option value="将一下内容转成 map对象" />
              <option value="将以下内容转为map  &quot;HE_BAT&quot;: &quot;Battery&quot;,&#10;        &quot;HE_ALLINONE&quot;: &quot;All-In-One Battery&quot;,&#10;        &quot;ME_AC&quot;: &quot;AC Micro-Grid&quot;,&#10;        &quot;ME_DC&quot;: &quot;DC Micro-Grid&quot;," />
              <option value="Kotlin代码" />
              <option value="ubuntu 停在 grub" />
              <option value="(text.toDouble() / 1000) 使用 bigdicimal" />
              <option value="防止短时间内重复点击" />
              <option value="找出所有需要国际化的内容" />
              <option value="android Dialog 横屏时占满宽度" />
              <option value="Android  Dialog 横屏是占满宽度" />
              <option value="生成15位随机字符串的方法" />
              <option value="Kotlin 生成15位随机字符串的方法" />
            </list>
          </value>
        </entry>
      </map>
    </option>
    <option name="showInlineAcceptTips" value="false" />
    <option name="showInlineCancelTips" value="false" />
    <option name="showInlineTriggerTips" value="false" />
  </component>
</application>