<application>
  <component name="CodeFoldingSettings">
    <option name="COLLAPSE_DOC_COMMENTS" value="true" />
  </component>
  <component name="CodeInsightSettings">
    <option name="completionCaseSensitive" value="2" />
    <option name="SHOW_PARAMETER_NAME_HINTS_ON_COMPLETION" value="true" />
    <option name="PARAMETER_INFO_DELAY" value="300" />
    <option name="AUTO_POPUP_JAVADOC_INFO" value="true" />
    <option name="COMPLETION_CASE_SENSITIVE" value="2" />
    <option name="SHOW_FULL_SIGNATURES_IN_PARAMETER_INFO" value="true" />
    <EXCLUDED_PACKAGE NAME="com.beijing.fragment.usercenter.order.ScanOrderFragment.Companion.DATA" />
  </component>
  <component name="DaemonCodeAnalyzerSettings">
    <option name="AUTOREPARSE_DELAY" value="100" />
    <option name="SHOW_METHOD_SEPARATORS" value="true" />
  </component>
  <component name="EditorSettings">
    <option name="languageBreadcrumbsMap">
      <map>
        <entry key="JAVA" value="true" />
        <entry key="kotlin" value="true" />
      </map>
    </option>
    <option name="USE_SOFT_WRAPS" value="" />
    <option name="SHOW_BREADCRUMBS_ABOVE" value="true" />
    <option name="RENAME_VARIABLES_INPLACE" value="false" />
  </component>
  <component name="InlayHintsSettings">
    <option name="lastViewedProviderKeyId" value="CodeVision" />
    <settingsMapElement>
      <kotlin.KotlinReferencesTypeHintsProvider>
        <Settings>
          <option name="functionReturnType" value="true" />
          <option name="localVariableType" value="true" />
          <option name="parameterType" value="true" />
          <option name="propertyType" value="true" />
        </Settings>
      </kotlin.KotlinReferencesTypeHintsProvider>
      <kotlin.kotlin.references.types.hints>
        <Settings>
          <option name="localVariableType" value="true" />
        </Settings>
      </kotlin.kotlin.references.types.hints>
    </settingsMapElement>
  </component>
  <component name="InlineCompletionOnboarding">
    <option name="onboardingFinished" value="true" />
  </component>
  <component name="TodoConfiguration">
    <pattern pattern="\b(todo|fixme)\b.*" />
  </component>
  <component name="XmlEditorOptions">
    <option name="showCssInlineColorPreview" value="true" />
    <option name="tagTreeHighlightingLevelCount" value="7" />
    <option name="tagTreeHighlightingOpacity" value="50" />
  </component>
</application>