<application>
  <component name="FileTypeManager" version="19">
    <extensionMap>
      <mapping pattern="apple-app-site-association" type="AUTO_DETECTED" />
      <mapping ext="gradle.kts" type="Kotlin" />
      <mapping ext="main.kts" type="Kotlin" />
      <mapping pattern="部门动态" type="PLAIN_TEXT" />
      <mapping pattern="Flutter 常用命令.md" type="PLAIN_TEXT" />
      <mapping pattern="dollar_text" type="PLAIN_TEXT" />
      <mapping pattern="asdf" type="PLAIN_TEXT" />
      <mapping pattern="filtershow_state_button_background" type="PLAIN_TEXT" />
      <mapping pattern="test" type="PLAIN_TEXT" />
      <mapping pattern="at_text" type="PLAIN_TEXT" />
      <mapping pattern="信鸽集成" type="PLAIN_TEXT" />
      <mapping pattern="emoji_text" type="PLAIN_TEXT" />
      <mapping pattern="mock" type="PLAIN_TEXT" />
      <mapping pattern="短视频.md" type="PLAIN_TEXT" />
      <mapping pattern="timeline_category" type="PLAIN_TEXT" />
      <mapping ext="dart2" type="PLAIN_TEXT" />
      <mapping ext="flat" type="PLAIN_TEXT" />
      <mapping pattern="attrs_form" type="XML" />
      <removed_mapping ext="apk" approved="true" type="ARCHIVE" />
      <removed_mapping ext="ignore" approved="true" type="IgnoreLang file" />
      <removed_mapping ext="pro" approved="true" type="DeviceSpecFile" />
      <removed_mapping ext="psd" approved="true" type="Image" />
      <mapping pattern=".gitignore_global" type="Git file" />
    </extensionMap>
  </component>
</application>