<application>
  <component name="ProjectManager">
    <defaultProject>
      <component name="GradleLocalSettings">
        <option name="myGradleUserHome" value="$USER_HOME$/.gradle" />
      </component>
      <component name="PropertiesComponent">
        <property name="android.sdk.path" value="$USER_HOME$/libs/android-sdk-macosx" />
        <property name="project.structure.last.edited" value="SDK Location" />
        <property name="project.structure.proportion" value="0.17" />
        <property name="project.structure.side.proportion" value="0.0" />
        <property name="settings.editor.selected.configurable" value="AndroidSdkUpdater" />
      </component>
    </defaultProject>
  </component>
</application>