<application>
  <component name="StudioBotSettings">
    <option name="contextSharingMode" value="ALWAYS_SHARE" />
    <option name="onboardedVersion" value="3" />
    <option name="queryHistory">
      <list>
        <historyEntry timestamp="1717071965044">Explain: java.lang.IllegalArgumentException: Illegal pattern character 'e'
at java.text.SimpleDateFormat.compile(SimpleDateFormat.java:949)
at java.text.SimpleDateFormat.initialize(SimpleDateFormat.java:735)
at java.text.SimpleDateFormat.&lt;init&gt;(SimpleDateFormat.java:706)
at com.scwang.smart.refresh.header.ClassicsHeader.&lt;init&gt;(ClassicsHeader.java:205) with tag AndroidRuntime</historyEntry>
        <historyEntry timestamp="1715761614824">googmap 获取当前地址</historyEntry>
      </list>
    </option>
  </component>
</application>