<application>
  <component name="UISettings">
    <option name="ACTIVATE_MRU_EDITOR_ON_CLOSE" value="true" />
    <option name="CONSOLE_COMMAND_HISTORY_LIMIT" value="400" />
    <option name="MAX_LOOKUP_LIST_HEIGHT" value="16" />
    <option name="MAX_LOOKUP_WIDTH2" value="920" />
    <option name="OVERRIDE_CONSOLE_CYCLE_BUFFER_SIZE" value="true" />
    <option name="OVERRIDE_NONIDEA_LAF_FONTS" value="true" />
    <option name="SHOW_MAIN_TOOLBAR" value="true" />
    <option name="SHOW_NAVIGATION_BAR" value="false" />
    <option name="SHOW_TABS_TOOLTIPS" value="false" />
    <option name="SORT_LOOKUP_ELEMENTS_LEXICOGRAPHICALLY" value="true" />
    <option name="UI_DENSITY" value="COMPACT" />
  </component>
</application>