<application>
  <component name="Translation.Cache">
    <option name="lastTrimTime" value="1716777891463" />
  </component>
  <component name="Translation.Settings">
    <option name="primaryLanguage" value="CHINESE" />
    <option name="translator" value="MICROSOFT" />
  </component>
  <component name="Translation.States">
    <option name="translationDialogHeight" value="260" />
    <option name="translationDialogLocationX" value="556" />
    <option name="translationDialogLocationY" value="607" />
    <histories>
      <item value="cryogenic cells" />
      <item value="心跳" />
      <item value="开始心跳" />
      <item value="multiply" />
      <item value="Basic text composable that provides an interactive box that accepts text input through software or hardware keyboard, but provides no decorations like hint or placeholder. Whenever the user edits the text, [onValueChange] is called with the most up to date state represented by [String] with which developer is expected to update their state. While focused and being edited, the caller temporarily loses _direct_ control of the contents of the field through the [value] parameter. If an unexpected [value] is passed in during this time, the contents of the field will _not_ be updated to reflect the value until editing is done. When editing is done (i.e. focus is lost), the field will be updated to the last [value] received. Use a [inputTransformation] to accept or reject changes during editing. For more direct control of the field contents use the [BasicTextField2] overload that accepts a [TextFieldState]. Unlike [TextFieldState] overload, this composable does not let the developer control selection, cursor, and observe text composition information. Please check [TextFieldState] and corresponding [BasicTextField2] overload for more information." />
      <item value="attachment and description (20~200) digits" />
      <item value="attachment" />
      <item value="Registration failure, First character of the password cannot be symbol" />
      <item value="deletion" />
      <item value="National Agent User Agreement" />
      <item value="distinct" />
      <item value="Unaudited" />
      <item value="The device is not bound, please bind it first" />
      <item value="AB线电压" />
      <item value="resistance" />
      <item value="电流" />
      <item value="generator" />
      <item value="最高电芯温度：" />
      <item value="电芯最高压差：" />
      <item value="最低电芯电压" />
      <item value="e Block工作状态" />
      <item value="电池剩余电量" />
      <item value="遥测量" />
      <item value="单体电池温度实时曲线" />
      <item value="电压统计" />
      <item value="继续" />
      <item value="固件下载" />
      <item value="固件详情" />
      <item value="硬件版本" />
      <item value="故障详情" />
      <item value="剩余容量：" />
      <item value="循环次数：" />
      <item value="异常" />
      <item value="电压：" />
      <item value="温度：" />
      <item value="低温电芯" />
      <item value="高温电芯" />
      <item value="正常电芯" />
      <item value="客诉" />
      <item value="Generator" />
      <item value="number Signed" />
      <item value="Immutable" />
      <item value="This method is called to notify you that, somewhere within &lt;code&gt;s&lt;code&gt;, the text has been changed. It is legitimate to make further changes to &lt;code&gt;s&lt;code&gt; from this callback, but be careful not to get yourself into an infinite loop, because any changes you make will cause this method to be called again recursively. (You are not told where the change took place because other afterTextChanged() methods may already have made other changes and invalidated the offsets. But if you need to know here, you can use {@link SpannablesetSpan} in {@link onTextChanged} to mark your place and then look up from here where the span ended up." />
      <item value="This method is called to notify you that, within &lt;code&gt;s&lt;code&gt;, the &lt;code&gt;count&lt;code&gt; characters beginning at &lt;code&gt;start&lt;code&gt; have just replaced old text that had length &lt;code&gt;before&lt;code&gt;. It is an error to attempt to make changes to &lt;code&gt;s&lt;code&gt; from this callback." />
      <item value="divide" />
      <item value="设备分发" />
      <item value="Please enter 6-digit verification code" />
      <item value="Merge semantics at the beginning of the modifier chain to ensure padding is considered part of the text field." />
      <item value="电阻" />
      <item value="温度" />
    </histories>
    <option name="languageScores">
      <map>
        <entry key="CHINESE" value="49" />
        <entry key="ENGLISH" value="50" />
        <entry key="JAPANESE" value="2" />
        <entry key="NORWEGIAN" value="1" />
      </map>
    </option>
  </component>
</application>