<application>
  <component name="FileTypeManager" version="18">
    <ignoreFiles list="*.orig;*.pyc;*.pyo;*.rbc;*.yarb;*~;.DS_Store;.git;.hg;.svn;CVS;__pycache__;_svn;vssver.scc;vssver2.scc" />
    <extensionMap>
      <mapping pattern="项目列表" type="AUTO_DETECTED" />
      <mapping pattern="项目问题" type="AUTO_DETECTED" />
      <mapping pattern="attentionOneToFive" type="AUTO_DETECTED" />
      <mapping pattern="2" type="AUTO_DETECTED" />
      <mapping pattern="项目阶段" type="AUTO_DETECTED" />
      <mapping pattern="统计报表" type="AUTO_DETECTED" />
      <mapping pattern="基础数据" type="AUTO_DETECTED" />
      <mapping pattern=".env.zhjcnew" type="PLAIN_TEXT" />
      <mapping pattern=".env.test" type="PLAIN_TEXT" />
      <mapping pattern="dollar_text" type="PLAIN_TEXT" />
      <mapping pattern="asdf" type="PLAIN_TEXT" />
      <mapping pattern="test" type="PLAIN_TEXT" />
      <mapping pattern="at_text" type="PLAIN_TEXT" />
      <mapping pattern=".gitkeep" type="PLAIN_TEXT" />
      <mapping pattern="信鸽集成" type="PLAIN_TEXT" />
      <mapping pattern=".env.dev" type="PLAIN_TEXT" />
      <mapping pattern="emoji_text" type="PLAIN_TEXT" />
      <mapping pattern="mock" type="PLAIN_TEXT" />
      <mapping pattern="registration" type="PLAIN_TEXT" />
      <mapping pattern="timeline_category" type="PLAIN_TEXT" />
      <mapping pattern=".env.zwww" type="PLAIN_TEXT" />
      <mapping pattern="Flutter 常用命令.md" type="PLAIN_TEXT" />
      <mapping pattern=".env.staging" type="PLAIN_TEXT" />
      <mapping pattern=".env.zhjc" type="PLAIN_TEXT" />
      <mapping pattern=".env.tab1" type="PLAIN_TEXT" />
      <mapping pattern=".env.zhjctest" type="PLAIN_TEXT" />
      <mapping pattern="短视频.md" type="PLAIN_TEXT" />
      <mapping ext="bat" type="PLAIN_TEXT" />
      <mapping ext="dart2" type="PLAIN_TEXT" />
      <mapping ext="flat" type="PLAIN_TEXT" />
      <mapping ext="m3u8" type="PLAIN_TEXT" />
      <mapping ext="back" type="PLAIN_TEXT" />
      <mapping ext="m3u" type="PLAIN_TEXT" />
      <mapping ext="ttf" type="PLAIN_TEXT" />
      <mapping ext="bcmap" type="PLAIN_TEXT" />
      <mapping pattern="*.vue.html" type="Vue.js" />
      <mapping ext="nvue" type="Vue.js" />
      <mapping ext="uvue" type="Vue.js" />
      <mapping pattern="attrs_form" type="XML" />
      <removed_mapping ext="dockerignore" approved="true" type="DockerIgnore file" />
      <removed_mapping ext="ignore" approved="true" type="IgnoreLang file" />
      <removed_mapping ext="nvue" approved="true" type="Uniapp FileType" />
      <removed_mapping ext="uvue" approved="true" type="Uniapp FileType" />
      <mapping pattern=".gitignore_global" type="Git file" />
    </extensionMap>
  </component>
</application>