<application>
  <component name="UsageViewSettings">
    <option name="IS_FILTER_DUPLICATED_LINE" value="false" />
    <option name="FLATTEN_MODULES" value="false" />
    <option name="GROUP_BY_DIRECTORY_STRUCTURE" value="true" />
    <option name="GROUP_BY_MODULE" value="false" />
    <option name="GROUP_BY_PACKAGE" value="false" />
    <option name="GROUP_BY_USAGE_TYPE" value="false" />
    <option name="IS_PREVIEW_USAGES" value="false" />
    <option name="PREVIEW_USAGES_SPLITTER_PROPORTIONS" value="0.30792227" />
    <option name="IS_REPLACE_PREVIEW_USAGES" value="false" />
  </component>
</application>